0.0032053948,1.3894587,0.16210844,-0.48973525,-0.0036675257,-0.036344953,0.0,0.0
0.004808235,1.3778389,0.1621142,-0.5164375,-0.0054833787,-0.036320545,0.0,0.0
0.00641098,1.3656192,0.16211958,-0.54311097,-0.0072989734,-0.03631561,0.0,0.0
0.00801382,1.3527992,0.16212493,-0.5697806,-0.009114294,-0.03631,0.0,0.0
0.009616757,1.3393794,0.16213031,-0.5964489,-0.010929354,-0.0363043,0.0,0.0
0.011219692,1.3253596,0.16213568,-0.62311745,-0.01274417,-0.036299713,0.0,0.0
0.012822819,1.3107398,0.162141,-0.64978606,-0.014558685,-0.036293603,0.0,0.0
0.014335823,1.295521,0.15085013,-0.6763833,-0.014108164,0.009011358,0.0,0.0
0.015942097,1.2797085,0.16254541,-0.7027957,-0.016001921,-0.037878904,0.0,0.0
0.01749649,1.2643201,0.15765303,-0.68395597,-0.018192032,-0.04380639,0.0,0.0
0.01897335,1.2483351,0.14793198,-0.7104484,-0.018431367,-0.0047868947,0.0,0.0
0.020494843,1.2331301,0.1522512,-0.67578095,-0.018541234,-0.0021973979,0.0,0.0
0.022027874,1.21889,0.15345997,-0.63289434,-0.01868638,-0.002903357,0.0,0.0
0.023636531,1.204053,0.16293913,-0.659448,-0.020729875,-0.040873818,0.0,0.0
0.025152111,1.1886263,0.15124199,-0.68562627,-0.020423595,0.00612608,0.0,0.0
0.026851082,1.1735486,0.16878453,-0.670107,-0.01931761,0.022121692,0.0,0.0
0.028614331,1.1593552,0.1749935,-0.63080114,-0.018000104,0.02635242,0.0,0.0
0.03030529,1.1451322,0.16813453,-0.6321204,-0.017052833,0.018947093,0.0,0.0
0.032187365,1.1318588,0.186435,-0.58990306,-0.015293836,0.035183143,0.0,0.0
0.034069538,1.1179854,0.18642916,-0.61658204,-0.013535956,0.035161063,0.0,0.0
0.035869695,1.1045009,0.17865697,-0.5992991,-0.012201017,0.026701247,0.0,0.0
0.037855625,1.0919507,0.19642857,-0.55777144,-0.01005911,0.042842045,0.0,0.0
0.039841555,1.0788002,0.19642186,-0.58444893,-0.00791841,0.042817913,0.0,0.0
0.041769695,1.0664618,0.19095314,-0.548371,-0.006079269,0.036786273,0.0,0.0
0.043697737,1.0535016,0.1909382,-0.5759991,-0.004240107,0.036783174,0.0,0.0
0.045757104,1.0405718,0.20346889,-0.5746504,-0.0018013103,0.04877603,0.0,0.0
0.047688007,1.028181,0.19123302,-0.55070335,3.7350495e-05,0.036773,0.0,0.0
0.0494442,1.0161697,0.17457557,-0.53383636,0.0010679581,0.020612253,0.0,0.0
0.05110655,1.0035552,0.16280606,-0.56064975,0.004455663,0.06775384,0.0,0.0
0.052823734,0.9916483,0.16801146,-0.5292076,0.0081151165,0.07318893,0.0,0.0
0.05459013,0.98042095,0.17267434,-0.4990188,0.012034735,0.07839234,0.0,0.0
0.05635662,0.9685939,0.17267437,-0.5256868,0.01595436,0.07839228,0.0,0.0
0.058220197,0.95722765,0.18188056,-0.5052279,0.020375669,0.08842645,0.0,0.0
0.060083866,0.9452614,0.18188061,-0.5318962,0.024796989,0.08842644,0.0,0.0
0.06181965,0.93367654,0.16962434,-0.5149541,0.028702619,0.07811267,0.0,0.0
0.06355925,0.92217535,0.16992149,-0.51124513,0.032686293,0.07967344,0.0,0.0
0.065129474,0.91100997,0.15369026,-0.49631974,0.035981834,0.065911055,0.0,0.0
0.06677179,0.900095,0.16046044,-0.48520088,0.03970489,0.07446105,0.0,0.0
0.068315506,0.8894916,0.15095915,-0.47135833,0.04308448,0.06759168,0.0,0.0
0.06973772,0.8797899,0.13916337,-0.43128416,0.04610175,0.060345393,0.0,0.0
0.07115984,0.86948806,0.1391634,-0.45795166,0.049119025,0.06034533,0.0,0.0
0.072590545,0.85938436,0.13985214,-0.44915864,0.0522966,0.063551605,0.0,0.0
0.074019335,0.84937376,0.13956508,-0.44503376,0.055577606,0.06561996,0.0,0.0
0.075360395,0.8396991,0.13103259,-0.43010283,0.0586136,0.06071981,0.0,0.0
0.07676353,0.83009064,0.13683558,-0.42718127,0.062057063,0.06886924,0.0,0.0
0.07796125,0.8212409,0.11698568,-0.39344418,0.06481207,0.055100046,0.0,0.0
0.07915898,0.8117911,0.11698574,-0.42011154,0.067567065,0.055100016,0.0,0.0
0.08026848,0.80283755,0.10834707,-0.39805606,0.07014349,0.051528372,0.0,0.0
0.08137798,0.793284,0.10834713,-0.4247233,0.07271991,0.051528372,0.0,0.0
0.082271576,0.78436446,0.08748384,-0.39652,0.07457699,0.037141446,0.0,0.0
0.083006285,0.7762825,0.07199797,-0.3592768,0.07603157,0.02909187,0.0,0.0
0.083740994,0.7676003,0.07199799,-0.38594374,0.07748616,0.029091839,0.0,0.0
0.084468365,0.7593488,0.07104668,-0.36681846,0.079152994,0.033336762,0.0,0.0
0.085192874,0.75117534,0.07061803,-0.36336666,0.080972634,0.036392756,0.0,0.0
0.08595514,0.7438385,0.07385386,-0.32620522,0.08332494,0.047046162,0.0,0.0
0.08671741,0.7359019,0.07385392,-0.35287234,0.085677244,0.047046144,0.0,0.0
0.08756723,0.7273886,0.08486205,-0.3783754,0.08579538,0.0023626892,0.0,0.0
0.08825827,0.71931356,0.06944948,-0.35887548,0.08545652,-0.006777418,0.0,0.0
0.08888807,0.7113765,0.063408986,-0.35273132,0.08502962,-0.008537862,0.0,0.0
0.08954611,0.70355433,0.06591889,-0.3476502,0.08492056,-0.0021812061,0.0,0.0
0.09017515,0.69663835,0.06275375,-0.30738115,0.08507211,0.0030309511,0.0,0.0
0.0908042,0.68912244,0.06275375,-0.33404785,0.08522366,0.003030995,0.0,0.0
0.09129143,0.6818041,0.049014933,-0.32524574,0.084930845,-0.005856223,0.0,0.0
0.09166346,0.6749465,0.037753873,-0.30475283,0.084384985,-0.010917247,0.0,0.0
0.092017844,0.66878015,0.035720594,-0.27404407,0.08409313,-0.005836978,0.0,0.0
0.092372134,0.6620137,0.035720594,-0.30071074,0.08380128,-0.0058369804,0.0,0.0
0.09264183,0.6553491,0.027472312,-0.29618248,0.083300784,-0.010009751,0.0,0.0
0.09295931,0.64903337,0.031790145,-0.28069934,0.08326465,-0.0007227288,0.0,0.0
0.093276784,0.64211744,0.03179014,-0.30736604,0.08322851,-0.0007227197,0.0,0.0
0.09354611,0.6356129,0.026934315,-0.28909105,0.08322977,2.4849893e-05,0.0,0.0
0.09366856,0.6300518,0.012525231,-0.24714568,0.08294971,-0.005601096,0.0,0.0
0.09379091,0.6238906,0.0125252325,-0.27381232,0.08266967,-0.005601112,0.0,0.0
0.09391327,0.6171295,0.0125252325,-0.300479,0.08238962,-0.0056011,0.0,0.0
0.09401798,0.6103932,0.010669776,-0.2993749,0.08218635,-0.0040652724,0.0,0.0
0.094008066,0.60413253,-0.00052236475,-0.27822816,0.08172776,-0.009171937,0.0,0.0
0.09399824,0.5972718,-0.00052236253,-0.3048949,0.081269175,-0.009171953,0.0,0.0
0.09379759,0.59096205,-0.0189977,-0.28037623,0.080219686,-0.02098973,0.0,0.0
0.09351511,0.58508813,-0.027062109,-0.2609989,0.07904894,-0.023415072,0.0,0.0
0.09323273,0.57861423,-0.027062098,-0.28766567,0.0778782,-0.02341506,0.0,0.0
0.093058586,0.5727888,-0.017032877,-0.25889122,0.07750701,-0.007423775,0.0,0.0
0.09288454,0.5663633,-0.017032873,-0.28555793,0.07713583,-0.007423808,0.0,0.0
0.092699625,0.5603857,-0.0183197,-0.26565725,0.07696387,-0.00343917,0.0,0.0
0.09258785,0.55480474,-0.011576086,-0.24806783,0.07736617,0.008045835,0.0,0.0
0.09228029,0.5493161,-0.030418739,-0.24391963,0.077030286,-0.006717678,0.0,0.0
0.09202719,0.5441228,-0.025438204,-0.23082553,0.07715836,0.0025614407,0.0,0.0
0.09179554,0.53962153,-0.023711203,-0.20008214,0.07769242,0.010681225,0.0,0.0
0.0916338,0.53452164,-0.014942515,-0.22659853,0.076471366,-0.024421252,0.0,0.0
0.09138165,0.529916,-0.023809712,-0.20462593,0.075091995,-0.02758731,0.0,0.0
0.09100886,0.5262394,-0.035686787,-0.16332158,0.07350939,-0.031651966,0.0,0.0
0.090530396,0.52317727,-0.046034373,-0.13600828,0.07171485,-0.03589072,0.0,0.0
0.090128325,0.5201482,-0.03889066,-0.13456005,0.070412934,-0.026038403,0.0,0.0
0.08983584,0.51760775,-0.028674632,-0.11288273,0.06985347,-0.0111894375,0.0,0.0
0.08963394,0.5144681,-0.017325407,-0.13940659,0.06702298,-0.05660994,0.0,0.0
0.0894907,0.51207477,-0.012024482,-0.106270775,0.06474103,-0.04563918,0.0,0.0
0.08932094,0.5101682,-0.014767612,-0.08464073,0.06255395,-0.043741565,0.0,0.0
0.08913803,0.50818807,-0.016120221,-0.08791515,0.06040794,-0.042920105,0.0,0.0
0.08873844,0.50673175,-0.036989577,-0.064609215,0.057470843,-0.058742005,0.0,0.0
0.08843307,0.5046727,-0.025176778,-0.09131605,0.052172888,-0.10595922,0.0,0.0
0.087975785,0.5032945,-0.039867092,-0.061060525,0.046379372,-0.11587014,0.0,0.0
0.08759556,0.50131756,-0.030206075,-0.087643065,0.038651735,-0.15455276,0.0,0.0
0.08714571,0.49926883,-0.036900308,-0.09086708,0.030665541,-0.15972356,0.0,0.0
0.08676958,0.49662268,-0.027650928,-0.11742947,0.020826733,-0.19677617,0.0,0.0
0.08650265,0.49461472,-0.017320871,-0.089144364,0.01157279,-0.18507901,0.0,0.0
0.08611717,0.49322185,-0.028663937,-0.06185663,0.0018141749,-0.19517264,0.0,0.0
0.08580513,0.49124166,-0.019441113,-0.08803273,-0.009791709,-0.23211797,0.0,0.0
0.08543215,0.48867032,-0.027094116,-0.114373945,-0.0198637,-0.20143998,0.0,0.0
0.084983826,0.4855018,-0.03654089,-0.14095716,-0.028043497,-0.16359596,0.0,0.0
0.084396645,0.48231483,-0.04973059,-0.14183702,-0.0369156,-0.1774424,0.0,0.0
0.08395882,0.47911966,-0.035441585,-0.14223674,-0.045165144,-0.16499063,0.0,0.0
0.08340225,0.47653377,-0.046586234,-0.1152265,-0.054131046,-0.1793181,0.0,0.0
0.082773685,0.47335446,-0.055620782,-0.14158003,-0.06128383,-0.1430553,0.0,0.0
0.08207588,0.47087348,-0.06197954,-0.110605925,-0.06900125,-0.15434861,0.0,0.0
0.08129291,0.46781123,-0.07269289,-0.1363676,-0.074554585,-0.11106656,0.0,0.0
0.08045034,0.46415973,-0.08016506,-0.16249567,-0.078600444,-0.080917224,0.0,0.0
0.07966318,0.46080458,-0.07467006,-0.14933732,-0.08260786,-0.08014821,0.0,0.0
0.07879658,0.45684865,-0.084615044,-0.17593427,-0.0846283,-0.040409274,0.0,0.0
0.077932835,0.4531153,-0.08413194,-0.16605292,-0.086850084,-0.044435866,0.0,0.0
0.07710199,0.44958323,-0.08077963,-0.15711811,-0.08913441,-0.04568646,0.0,0.0
0.07619257,0.44545192,-0.09061851,-0.18363371,-0.08945115,-0.0063351407,0.0,0.0
0.075332925,0.44131064,-0.08571233,-0.18407027,-0.089701205,-0.0050011394,0.0,0.0
0.074541666,0.43709052,-0.079050206,-0.18756665,-0.08978021,-0.0015800754,0.0,0.0
0.07378979,0.43366408,-0.07489966,-0.15230142,-0.09006248,-0.0056452705,0.0,0.0
0.072955705,0.4296391,-0.08519812,-0.1787828,-0.088284455,0.0355603,0.0,0.0
0.072007656,0.42618012,-0.0957475,-0.15367624,-0.08734842,0.018720683,0.0,0.0
0.070962235,0.42212284,-0.10795651,-0.18012919,-0.08396971,0.06757403,0.0,0.0
0.06998644,0.4174538,-0.099200875,-0.20742334,-0.08235818,0.03223058,0.0,0.0
0.06896381,0.41324615,-0.10339656,-0.18694167,-0.08123168,0.02252964,0.0,0.0
0.068006895,0.4099668,-0.09675225,-0.14569345,-0.08018463,0.020941216,0.0,0.0
0.066988274,0.40608746,-0.104485646,-0.17227857,-0.07759142,0.051864386,0.0,0.0
0.06603165,0.40158907,-0.09667254,-0.19987376,-0.07658545,0.020119227,0.0,0.0
0.065080166,0.39739996,-0.0959759,-0.18614194,-0.07577056,0.01629756,0.0,0.0
0.06438132,0.3941084,-0.071533084,-0.14620715,-0.07413949,0.032621395,0.0,0.0
0.063589,0.3902281,-0.08325188,-0.17226672,-0.070151,0.07976963,0.0,0.0
0.062874794,0.38575003,-0.07348175,-0.19893087,-0.068114184,0.040736377,0.0,0.0
0.0621068,0.38171926,-0.078380495,-0.1790751,-0.06654479,0.031387478,0.0,0.0
0.06152668,0.37803885,-0.060277928,-0.16347645,-0.0643032,0.044831894,0.0,0.0
0.06093998,0.37486732,-0.06068092,-0.14086892,-0.062311318,0.03983755,0.0,0.0
0.060520172,0.372086,-0.044586867,-0.12350607,-0.059739254,0.05144141,0.0,0.0
0.060140513,0.3692731,-0.040643267,-0.12491131,-0.057085775,0.053069424,0.0,0.0
0.059785366,0.36724707,-0.03807061,-0.0899527,-0.054563276,0.050450094,0.0,0.0
0.05936079,0.36609715,-0.04442785,-0.051032774,-0.05260885,0.039088197,0.0,0.0
0.05900774,0.36435115,-0.0354757,-0.07759666,-0.052442674,0.0033236176,0.0,0.0
0.058581065,0.36202198,-0.04471973,-0.10344552,-0.05041153,0.040622864,0.0,0.0
0.058100127,0.36013937,-0.049729455,-0.083619244,-0.048793484,0.03236074,0.0,0.0
0.057527065,0.35766137,-0.06128741,-0.11001082,-0.044858497,0.078699864,0.0,0.0
0.057016086,0.3545703,-0.053495795,-0.1373107,-0.042493097,0.04730823,0.0,0.0
0.056402683,0.35222518,-0.0630814,-0.10418051,-0.040777087,0.03432006,0.0,0.0
0.055885505,0.3492822,-0.0510042,-0.13081898,-0.041477244,-0.014003174,0.0,0.0
0.05523958,0.3472674,-0.063083835,-0.089590415,-0.042967703,-0.029809143,0.0,0.0
0.054520033,0.3446502,-0.07231341,-0.11630603,-0.042612318,0.0071075084,0.0,0.0
0.05387497,0.34143886,-0.062982045,-0.14277008,-0.044120695,-0.03016733,0.0,0.0
0.05315399,0.33762312,-0.07248877,-0.16958037,-0.043729484,0.007824151,0.0,0.0
0.05232649,0.33391178,-0.082548454,-0.16495107,-0.04392543,-0.0039190883,0.0,0.0
0.051431276,0.3296041,-0.09104954,-0.19141309,-0.04241716,0.030165195,0.0,0.0
0.05043211,0.32612723,-0.10077504,-0.15450028,-0.0415764,0.016815383,0.0,0.0
0.049507998,0.32204068,-0.091343015,-0.18165363,-0.04263057,-0.021083258,0.0,0.0
0.04859495,0.31816056,-0.090182796,-0.17248338,-0.04373947,-0.022178037,0.0,0.0
0.04761963,0.3136905,-0.098012,-0.19865409,-0.043273743,0.009314674,0.0,0.0
0.046529483,0.3091952,-0.108873665,-0.19979683,-0.04341487,-0.0028224858,0.0,0.0
0.045454405,0.30488056,-0.10733036,-0.19176331,-0.04359061,-0.0035148158,0.0,0.0
0.044302464,0.30063832,-0.11456926,-0.18856502,-0.044211913,-0.012425836,0.0,0.0
0.043192197,0.2968667,-0.1104488,-0.16764261,-0.044786282,-0.011487206,0.0,0.0
0.041988183,0.29249606,-0.12220631,-0.19420059,-0.043006588,0.035594072,0.0,0.0
0.040874958,0.2875311,-0.11081718,-0.22067703,-0.043502476,-0.009917817,0.0,0.0
0.039900303,0.28291276,-0.09748817,-0.20525885,-0.04348514,0.0003468657,0.0,0.0
0.039064407,0.27832234,-0.084167965,-0.20400319,-0.042910177,0.011499253,0.0,0.0
0.038263608,0.2744364,-0.0806561,-0.17269015,-0.04234571,0.01128962,0.0,0.0
0.037434958,0.27054772,-0.08322555,-0.17282125,-0.041987456,0.0071650944,0.0,0.0
0.036701392,0.26727757,-0.07400138,-0.1453197,-0.041347142,0.012806011,0.0,0.0
0.035898782,0.26342142,-0.08268633,-0.17132053,-0.03895861,0.047770794,0.0,0.0
0.035035133,0.26025367,-0.08834327,-0.14073549,-0.037006393,0.039044406,0.0,0.0
0.034248065,0.25648528,-0.07872127,-0.16748366,-0.036980916,0.00050937897,0.0,0.0
0.033575058,0.25305584,-0.06775641,-0.15240805,-0.036535807,0.008902077,0.0,0.0
0.033053778,0.24990979,-0.053188585,-0.13979775,-0.03548842,0.02094773,0.0,0.0
0.032536507,0.24717416,-0.05268833,-0.12156038,-0.034532487,0.01911859,0.0,0.0
0.032199383,0.24481323,-0.03541527,-0.10489235,-0.032847486,0.033699945,0.0,0.0
0.032042406,0.24262398,-0.018165128,-0.09725002,-0.030407611,0.048797406,0.0,0.0
0.031855203,0.24041577,-0.020995373,-0.09809758,-0.02816204,0.04491135,0.0,0.0
0.031870555,0.23870732,-0.0015947476,-0.07587339,-0.025075281,0.06173537,0.0,0.0
0.031885814,0.23639904,-0.0015947804,-0.10254085,-0.021988519,0.06173531,0.0,0.0
0.03190117,0.23349088,-0.0015948091,-0.12920831,-0.018901758,0.061735272,0.0,0.0
0.03191652,0.22998291,-0.0015948347,-0.15587577,-0.015815008,0.061735243,0.0,0.0
0.031931877,0.22587505,-0.0015948558,-0.18254325,-0.0127282385,0.06173519,0.0,0.0
0.031947233,0.22116724,-0.0015948731,-0.20921071,-0.009641494,0.061735135,0.0,0.0
0.031962585,0.2158596,-0.0015948873,-0.23587818,-0.0065547344,0.0617351,0.0,0.0
0.03197794,0.2099521,-0.0015948976,-0.26254568,-0.0034679677,0.061735064,0.0,0.0
0.031947613,0.20425838,-0.005930967,-0.25304857,-0.00060057035,0.057348035,0.0,0.0
0.032069206,0.19931783,0.00854787,-0.21958333,0.0029672037,0.071355395,0.0,0.0
0.0321908,0.19377746,0.008547872,-0.24625105,0.006534967,0.07135533,0.0,0.0
0.032312393,0.1876372,0.008547879,-0.2729188,0.010102758,0.07135575,0.0,0.0
0.032448005,0.1819889,0.0098431865,-0.25106704,0.013769346,0.07333183,0.0,0.0
0.03273449,0.1767789,0.02418882,-0.23160309,0.018178556,0.088184044,0.0,0.0
0.033108998,0.17096509,0.0352146,-0.25842074,0.020381076,0.044050545,0.0,0.0
0.033565234,0.16602845,0.04291102,-0.21944433,0.023054747,0.05347352,0.0,0.0
0.034021474,0.16049196,0.042911038,-0.24611162,0.025728418,0.05347351,0.0,0.0
0.034537602,0.15585072,0.048503987,-0.20633489,0.028798217,0.061396055,0.0,0.0
0.03505373,0.15060955,0.048504017,-0.23300233,0.031868014,0.061396055,0.0,0.0
0.035368633,0.14606439,0.029206151,-0.2020578,0.03413575,0.04535427,0.0,0.0
0.035603523,0.1417697,0.0214724,-0.19092225,0.03612245,0.03973407,0.0,0.0
0.03575449,0.13810344,0.013335824,-0.1629888,0.037858333,0.03471779,0.0,0.0
0.03599348,0.13477436,0.021616355,-0.14801508,0.040110752,0.045048434,0.0,0.0
0.03612051,0.13141745,0.010878934,-0.14924714,0.041916892,0.03612276,0.0,0.0
0.03640194,0.12804945,0.02550822,-0.14976577,0.044512264,0.051907588,0.0,0.0
0.036601447,0.12563267,0.017492881,-0.107486725,0.04694273,0.04860918,0.0,0.0
0.03691759,0.12316269,0.028536772,-0.10987913,0.049991615,0.06097769,0.0,0.0
0.037049867,0.120680034,0.010908198,-0.110420555,0.052281197,0.04579197,0.0,0.0
0.037306212,0.11822313,0.022634989,-0.10930227,0.055244964,0.05927512,0.0,0.0
0.03747978,0.11581179,0.014638105,-0.10727158,0.05793672,0.05383525,0.0,0.0
0.037555695,0.113716014,0.005155494,-0.09324141,0.060340833,0.04808224,0.0,0.0
0.03743286,0.111559235,-0.013881619,-0.09592526,0.06192818,0.031746726,0.0,0.0
0.037245847,0.10993217,-0.02022418,-0.07237672,0.063434795,0.030132279,0.0,0.0
0.03698244,0.108390294,-0.027642539,-0.06858262,0.06472285,0.025761116,0.0,0.0
0.0367074,0.10770894,-0.029043099,-0.030349962,0.06624899,0.030522848,0.0,0.0
0.03651638,0.106438644,-0.018511757,-0.056433126,0.06565608,-0.011857981,0.0,0.0
0.036346532,0.10580629,-0.016740648,-0.028095316,0.06541193,-0.0048826714,0.0,0.0
0.036272906,0.10458184,-0.0046528466,-0.054302037,0.06274088,-0.053421415,0.0,0.0
0.03599901,0.10354164,-0.023904663,-0.04609063,0.05929672,-0.06888319,0.0,0.0
0.03587532,0.102594286,-0.009720742,-0.042004097,0.05667253,-0.052483827,0.0,0.0
0.0358511,0.102155335,-0.000425926,-0.01943272,0.054701965,-0.039411224,0.0,0.0
0.03567343,0.102121,-0.0152328685,-0.0014370638,0.05219189,-0.050201386,0.0,0.0
0.03555889,0.101497374,-0.0072913556,-0.027578374,0.04808321,-0.08217379,0.0,0.0
0.035388567,0.10109175,-0.012727526,-0.017895816,0.043838393,-0.08489645,0.0,0.0
0.035218336,0.10008632,-0.0127274245,-0.044563994,0.039593585,-0.08489632,0.0,0.0
0.035066795,0.09916049,-0.011026358,-0.041042272,0.035518415,-0.08150321,0.0,0.0
0.03496933,0.09916142,-0.0060420134,0.00012332067,0.0318607,-0.07315445,0.0,0.0
0.034871865,0.09856254,-0.0060419575,-0.026544465,0.028202996,-0.07315435,0.0,0.0
0.03491049,0.09850624,0.0068262937,-0.002447869,0.025274036,-0.058579117,0.0,0.0
0.034949016,0.09785007,0.00682632,-0.029115254,0.022345075,-0.058579057,0.0,0.0
0.035098173,0.097254544,0.0173129,-0.02643704,0.01997279,-0.04744571,0.0,0.0
0.035149287,0.09605192,0.0050217677,-0.053449985,0.02006411,0.0018264346,0.0,0.0
0.035098456,0.09539624,-0.0047638393,-0.02913886,0.01975535,-0.0061752056,0.0,0.0
0.035181142,0.09524661,0.007884769,-0.0066525806,0.020131245,0.0075178496,0.0,0.0
0.035263825,0.09449709,0.007884769,-0.033319257,0.02050714,0.0075178454,0.0,0.0
0.035419274,0.093735635,0.014777374,-0.033850852,0.021256585,0.014989132,0.0,0.0
0.035545923,0.0938985,0.011943759,0.007224098,0.021973742,0.014343036,0.0,0.0
0.035672568,0.09346126,0.011943761,-0.01944261,0.022690896,0.014343004,0.0,0.0
0.035799216,0.092424065,0.011943763,-0.04610932,0.023408053,0.014343008,0.0,0.0
0.035896588,0.092346035,0.009034694,-0.003476525,0.024102528,0.013889195,0.0,0.0
0.035993956,0.091668114,0.009034695,-0.030143231,0.024796987,0.013889177,0.0,0.0
0.035967447,0.091804944,-0.0028773984,0.0060776365,0.025027396,0.0046081073,0.0,0.0
0.03601656,0.091336876,0.0065877615,-0.020772872,0.023364607,-0.03325569,0.0,0.0
0.03606558,0.09026893,0.00658777,-0.04743977,0.021701831,-0.03325567,0.0,0.0
0.03610611,0.08982719,0.0056957696,-0.019611675,0.020082137,-0.032393977,0.0,0.0
0.03614664,0.08878549,0.005695776,-0.046278562,0.018462436,-0.032393955,0.0,0.0
0.036297034,0.08836013,0.016097499,-0.018891254,0.017420357,-0.02084148,0.0,0.0
0.036447525,0.08733481,0.0160975,-0.04555801,0.016378278,-0.020841504,0.0,0.0
0.036514185,0.08685502,0.008054962,-0.021307487,0.015006931,-0.027426917,0.0,0.0
0.03658085,0.08577534,0.008054966,-0.04797431,0.0136355795,-0.027426884,0.0,0.0
0.036808394,0.084635004,0.02336499,-0.050675754,0.013031076,-0.012090004,0.0,0.0
0.03706064,0.08399356,0.025671968,-0.028505223,0.01258508,-0.008919775,0.0,0.0
0.037246894,0.08275467,0.017408807,-0.055074535,0.013793318,0.02416464,0.0,0.0
0.03731699,0.08168829,0.0062914575,-0.0474004,0.014496739,0.014068594,0.0,0.0
0.037465,0.08091875,0.013683322,-0.034210514,0.015601129,0.022087818,0.0,0.0
0.037613105,0.07954932,0.013683324,-0.060877282,0.016705519,0.02208782,0.0,0.0
0.03770838,0.07867056,0.008604497,-0.039064143,0.01762271,0.01834341,0.0,0.0
0.03778143,0.078051716,0.00643835,-0.027516745,0.018483996,0.017225727,0.0,0.0
0.037854575,0.07683278,0.006438352,-0.054183476,0.019345285,0.017225733,0.0,0.0
0.03794098,0.07612503,0.0076358453,-0.031466715,0.02033448,0.019784,0.0,0.0
0.038027383,0.074817404,0.007635848,-0.058133464,0.02132368,0.019784007,0.0,0.0
0.03806343,0.073960096,0.0027661426,-0.038113996,0.022149317,0.016512765,0.0,0.0
0.038170718,0.07324849,0.0095059415,-0.03164361,0.02335556,0.024124805,0.0,0.0
0.038278006,0.071936995,0.009505945,-0.058310393,0.024561802,0.024124794,0.0,0.0
0.03828659,0.07107797,1.5001637e-05,-0.03819176,0.025391484,0.016593825,0.0,0.0
0.038123418,0.07073701,-0.016443867,-0.015156374,0.025514815,0.0024666353,0.0,0.0
0.038028527,0.06979538,-0.007879647,-0.041821405,0.023923574,-0.031824622,0.0,0.0
0.037760258,0.06886097,-0.024456505,-0.041494142,0.02157525,-0.046966393,0.0,0.0
0.037491895,0.067326605,-0.02445649,-0.068161264,0.019226925,-0.046966396,0.0,0.0
0.03718271,0.06668387,-0.028442487,-0.02853433,0.016778316,-0.048971944,0.0,0.0
0.036970712,0.06544805,-0.016242202,-0.054877914,0.011884715,-0.097871855,0.0,0.0
0.036712933,0.06495038,-0.02065323,-0.02208556,0.006828854,-0.101117566,0.0,0.0
0.036455154,0.06385311,-0.020653201,-0.048754375,0.0017729966,-0.10111737,0.0,0.0
0.036112405,0.062152013,-0.03131983,-0.0756033,-0.0011465988,-0.05839182,0.0,0.0
0.03559227,0.061414443,-0.04822161,-0.032786064,-0.0048918617,-0.07490501,0.0,0.0
0.03507223,0.060077056,-0.04822161,-0.059453905,-0.008637123,-0.07490493,0.0,0.0
0.03445492,0.05814744,-0.060408115,-0.0857705,-0.009940783,-0.026073158,0.0,0.0
0.033759974,0.055608355,-0.07014932,-0.11284555,-0.009295257,0.012910384,0.0,0.0
0.03312721,0.053616438,-0.06417876,-0.08852368,-0.008394205,0.018020835,0.0,0.0
0.032422733,0.052086648,-0.07099766,-0.067988165,-0.007852645,0.010830892,0.0,0.0
0.031803608,0.049954757,-0.060295474,-0.09476144,-0.009454644,-0.03203952,0.0,0.0
0.031165505,0.048150383,-0.06206143,-0.08020608,-0.011170459,-0.034316476,0.0,0.0
0.030619526,0.045735534,-0.050523452,-0.107362956,-0.015198867,-0.08056818,0.0,0.0
0.030245686,0.04426032,-0.034035083,-0.06560361,-0.018502524,-0.06607309,0.0,0.0
0.029789925,0.042186867,-0.04432056,-0.092169866,-0.01974601,-0.024869667,0.0,0.0
0.029452037,0.040196452,-0.03303494,-0.088473395,-0.020485377,-0.014787393,0.0,0.0
0.029156208,0.038311895,-0.028977508,-0.083768025,-0.021074476,-0.011782179,0.0,0.0
0.028775882,0.03664678,-0.0369901,-0.07401829,-0.022108026,-0.020671206,0.0,0.0
0.028466702,0.035110626,-0.030156782,-0.06828676,-0.022861999,-0.015079297,0.0,0.0
0.028299998,0.03421441,-0.016477,-0.039834294,-0.023043655,-0.0036331855,0.0,0.0
0.028049946,0.032732688,-0.026948432,-0.06582727,-0.021122916,0.038414706,0.0,0.0
0.02765522,0.031317983,-0.040703524,-0.06286097,-0.01991499,0.024158718,0.0,0.0
0.027101612,0.030066857,-0.055792123,-0.05560006,-0.01948815,0.008536758,0.0,0.0
0.026630307,0.028221283,-0.045472465,-0.08204742,-0.021125954,-0.032756057,0.0,0.0
0.02621212,0.026329933,-0.040365875,-0.08407904,-0.02255374,-0.02855586,0.0,0.0
0.025932312,0.024752293,-0.027121702,-0.070131876,-0.023405414,-0.017033687,0.0,0.0
0.02579546,0.024050055,-0.01337563,-0.031214489,-0.023701577,-0.00592338,0.0,0.0
0.025573635,0.022758089,-0.024064422,-0.057390645,-0.021853348,0.036964506,0.0,0.0
0.025513267,0.021886477,-0.008589062,-0.03870285,-0.019326167,0.050543524,0.0,0.0
0.0255867,0.021873817,0.004239483,-0.00052618404,-0.016267445,0.061174612,0.0,0.0
0.025733758,0.021262703,0.013487028,-0.027148608,-0.015060147,0.02414588,0.0,0.0
0.02580061,0.020061431,0.003412462,-0.053357605,-0.011832894,0.064545244,0.0,0.0
0.025822926,0.019831762,-0.00077074574,-0.0101899635,-0.008868414,0.059289586,0.0,0.0
0.025931645,0.019012867,0.010069767,-0.03639048,-0.00807324,0.015903307,0.0,0.0
0.025954342,0.017585501,-0.00072210946,-0.06342475,-0.005118041,0.059103895,0.0,0.0
0.025896167,0.016272364,-0.008420596,-0.05835587,-0.0025481225,0.051398493,0.0,0.0
0.025788784,0.015248332,-0.013100967,-0.04550845,-0.00021246895,0.046713024,0.0,0.0
0.025634384,0.014925251,-0.01758336,-0.014363526,0.0019050371,0.04235011,0.0,0.0
0.025557231,0.014005432,-0.007893914,-0.04088032,0.0020819802,0.0035389164,0.0,0.0
0.025322914,0.013472924,-0.022883262,-0.023667695,0.0015383804,-0.010871751,0.0,0.0
0.025151825,0.012340602,-0.014954348,-0.0503209,-0.0005930954,-0.042629518,0.0,0.0
0.02513752,0.011818681,3.979214e-06,-0.023200372,-0.002000653,-0.028151345,0.0,0.0
0.02505455,0.010685644,-0.008616641,-0.050355844,-0.0016821822,0.006369239,0.0,0.0
0.024973202,0.0099421,-0.008456718,-0.03304334,-0.0013611008,0.0064216033,0.0,0.0
0.02505045,0.009904334,0.0066605336,-0.0016791875,-0.0003118268,0.020985428,0.0,0.0
0.025066758,0.009278307,-0.0009776196,-0.027825689,0.0022671774,0.051579755,0.0,0.0
0.025128746,0.009455905,0.003367884,0.007887528,0.005067698,0.056010507,0.0,0.0
0.025268937,0.009035693,0.013165718,-0.018678837,0.005905891,0.01676395,0.0,0.0
0.025316905,0.008013091,0.0015903473,-0.045465626,0.009062443,0.06313126,0.0,0.0
0.02533617,0.007389531,-0.0011623452,-0.027736327,0.0121149495,0.0610501,0.0,0.0
0.025435353,0.006175456,0.00886321,-0.053969003,0.0131578455,0.020857822,0.0,0.0
0.025532056,0.005307851,0.008592752,-0.03856888,0.014228149,0.021405907,0.0,0.0
0.025560284,0.004584763,0.0020197018,-0.032145925,0.015013912,0.015715493,0.0,0.0
0.025438786,0.0047015287,-0.012310237,0.0051891017,0.0151746655,0.0032147318,0.0,0.0
0.025386143,0.0042106486,-0.0036836253,-0.021799693,0.013609842,-0.031296246,0.0,0.0
0.025333405,0.0031198836,-0.0036836218,-0.04846656,0.0120450305,-0.03129626,0.0,0.0
0.025427246,0.0027984476,0.010221427,-0.014280534,0.011208632,-0.016727908,0.0,0.0
0.02543373,0.0018784857,-0.0007245689,-0.040895566,0.012563973,0.027106836,0.0,0.0
0.025603484,0.0013654685,0.014797077,-0.022819925,0.014713679,0.04299411,0.0,0.0
0.025773238,0.00025253056,0.014797082,-0.04948698,0.016863381,0.04299412,0.0,0.0
0.026043702,1.685381e-05,0.028875288,-0.010469303,0.015013413,-0.037052702,0.0,1.0
0.026294326,-0.00068491936,0.030601468,-0.03115361,0.00951484,-0.11001499,0.0,1.0
0.026525307,-0.001853826,0.03230582,-0.051926605,0.000395152,-0.18242863,0.0,1.0
0.026910782,-0.0020848894,0.036998365,-0.010292601,0.0019444213,0.031021362,1.0,1.0
0.027221013,-0.0022017623,0.03032527,-0.0052124937,0.0026512993,0.014166574,1.0,1.0
0.027439212,-0.0021024847,0.02273546,0.004396333,0.0017710493,-0.017582292,1.0,1.0
0.027576447,-0.0017792964,0.016261334,0.01435831,-0.0007350688,-0.050113052,1.0,1.0
0.027733231,-0.0012316966,0.01660237,0.024327574,-0.0016339902,-0.017962407,1.0,1.0
0.027891923,-0.0012252593,0.015872266,0.0002801349,-0.0016310642,6.744584e-05,1.0,1.0
0.027994823,-0.0012287641,0.01031121,-0.00016245876,-0.0016335361,-3.8991333e-05,1.0,1.0
0.02804098,-0.0012286925,0.0046204487,-4.1255103e-06,-0.0016339588,-1.0004179e-06,1.0,1.0
0.028037643,-0.0012285495,-0.0003472722,8.1478345e-07,-0.0016291044,0.00010077238,1.0,1.0
0.028020764,-0.0012284779,-0.0017238033,-1.2755094e-06,-0.0016036491,0.00050014886,1.0,1.0
0.02801094,-0.0012284064,-0.0010040189,-8.1069265e-07,-0.0015889008,0.0002909183,1.0,1.0
0.028009892,-0.0012284064,-9.2118775e-05,-7.6751654e-08,-0.0015876713,2.665891e-05,1.0,1.0
0.028012466,-0.0012283348,0.00026546564,2.2127112e-07,-0.0015917358,-7.677525e-05,1.0,1.0
0.02801447,-0.0012283348,0.00020177869,1.6979078e-07,-0.0015948224,-5.831583e-05,1.0,1.0
0.028014947,-0.0012283348,4.4704833e-05,3.820547e-08,-0.0015955816,-1.290801e-05,1.0,1.0
0.028014565,-0.0012283348,-3.6427147e-05,-3.0494427e-08,-0.00159512,1.0525562e-05,1.0,1.0
0.028014183,-0.0012283348,-3.810684e-05,-3.3801758e-08,-0.0015946109,1.0998117e-05,1.0,1.0
0.028014088,-0.0012283348,-1.2908384e-05,-1.2100592e-08,-0.0015944821,3.724716e-06,1.0,1.0
0.028014088,-0.0012283348,3.970652e-06,2.685473e-09,-0.0015945875,-1.1806223e-06,1.0,1.0
0.028014183,-0.0012283348,6.746307e-06,5.2221747e-09,-0.0015947209,-1.9723516e-06,1.0,1.0
0.028014183,-0.0012283348,3.078717e-06,2.4980205e-09,-0.0015947962,-9.29352e-07,1.0,1.0
0.028014183,-0.0012283348,-1.9874872e-07,-2.3941837e-10,-0.0015948176,7.348913e-08,1.0,1.0
0.028014183,-0.0012283348,-1.1405112e-06,-7.0152406e-10,-0.0015948167,3.283498e-07,1.0,1.0
0.028014183,-0.0012283348,-6.8504914e-07,-1.0208653e-09,-0.0015948237,1.8401713e-07,1.0,1.0
0.028014183,-0.0012283348,-9.0015e-08,-2.2374243e-10,-0.0015948354,8.774721e-08,1.0,1.0
0.028014183,-0.0012283348,1.5795734e-07,1.2271299e-10,-0.001594841,-7.201889e-08,1.0,1.0
0.028014183,-0.0012283348,1.3187017e-07,2.8440791e-10,-0.0015948616,-8.8474316e-08,1.0,1.0
0.028014183,-0.0012283348,4.854018e-08,-5.617911e-11,-0.0015948758,-9.811113e-08,1.0,1.0
0.028014183,-0.0012283348,-3.6501003e-08,-1.6556965e-09,-0.0015948727,8.700319e-08,1.0,1.0
0.028014183,-0.0012283348,-5.8081042e-08,1.4469029e-10,-0.0015948848,9.2296304e-08,1.0,1.0
0.028014183,-0.0012283348,-4.670131e-08,-4.7514903e-10,-0.0015948813,9.242841e-08,1.0,1.0
0.028014183,-0.0012283348,-3.7880888e-08,-8.011757e-10,-0.0015948779,9.085918e-08,1.0,1.0
0.028014183,-0.0012283348,0.0,0.0,-0.001594868,0.0,1.0,1.0
